{
    "environment": {
      "server": {
        "os": "Linux 4.9.0-11-amd64 #1 SMP Debian 4.9.189-3 (2019-09-02) x86_64",
        "host": "very-important-service-67f9b885c9-lt5nj",
        "ip": "10.21.104.171"
      }
    },
    "language": [
      {
        "name": "php",
        "version": "7.3.13-1~avito.stretch",
        "modules": {
          "date": "7.3.13-1~avito.stretch",
          "libxml": "7.3.13-1~avito.stretch",
          "openssl": "7.3.13-1~avito.stretch",
          "pcre": "7.3.13-1~avito.stretch",
          "zlib": "7.3.13-1~avito.stretch",
          "filter": "7.3.13-1~avito.stretch",
          "hash": "7.3.13-1~avito.stretch",
          "Reflection": "7.3.13-1~avito.stretch",
          "SPL": "7.3.13-1~avito.stretch",
          "session": "7.3.13-1~avito.stretch",
          "sodium": "7.3.13-1~avito.stretch",
          "standard": "7.3.13-1~avito.stretch",
          "mysqlnd": "mysqlnd 5.0.12-dev - 20150407 - $Id: 7cc7cc96e675f6d72e5cf0f267f48e167c2abb23 $",
          "PDO": "7.3.13-1~avito.stretch",
          "xml": "7.3.13-1~avito.stretch",
          "amqp": "1.9.4",
          "apcu": "5.1.17",
          "bcmath": "7.3.13-1~avito.stretch",
          "calendar": "7.3.13-1~avito.stretch",
          "ctype": "7.3.13-1~avito.stretch",
          "curl": "7.3.13-1~avito.stretch",
          "dom": "20031129",
          "mbstring": "7.3.13-1~avito.stretch",
          "fileinfo": "7.3.13-1~avito.stretch",
          "ftp": "7.3.13-1~avito.stretch",
          "gd": "7.3.13-1~avito.stretch",
          "geoip": "1.1.1",
          "gettext": "7.3.13-1~avito.stretch",
          "gmp": "7.3.13-1~avito.stretch",
          "iconv": "7.3.13-1~avito.stretch",
          "igbinary": "3.0.1",
          "imagick": "3.4.4",
          "imap": "7.3.13-1~avito.stretch",
          "intl": "7.3.13-1~avito.stretch",
          "json": "1.7.0",
          "ldap": "7.3.13-1~avito.stretch",
          "exif": "7.3.13-1~avito.stretch",
          "mongodb": "1.5.3",
          "hello": "1.0",
          "msgpack": "2.0.3",
          "mysqli": "7.3.13-1~avito.stretch",
          "pdo_mysql": "7.3.13-1~avito.stretch",
          "pdo_pgsql": "7.3.13-1~avito.stretch",
          "pdo_sqlite": "7.3.13-1~avito.stretch",
          "pgsql": "7.3.13-1~avito.stretch",
          "Phar": "7.3.13-1~avito.stretch",
          "posix": "7.3.13-1~avito.stretch",
          "readline": "7.3.13-1~avito.stretch",
          "redis": "4.3.0",
          "shmop": "7.3.13-1~avito.stretch",
          "SimpleXML": "7.3.13-1~avito.stretch",
          "soap": "7.3.13-1~avito.stretch",
          "sockets": "7.3.13-1~avito.stretch",
          "sqlite3": "7.3.13-1~avito.stretch",
          "sysvmsg": "7.3.13-1~avito.stretch",
          "sysvsem": "7.3.13-1~avito.stretch",
          "sysvshm": "7.3.13-1~avito.stretch",
          "tarantool": "0.3.2",
          "tokenizer": "7.3.13-1~avito.stretch",
          "wddx": "7.3.13-1~avito.stretch",
          "xmlreader": "7.3.13-1~avito.stretch",
          "xmlwriter": "7.3.13-1~avito.stretch",
          "xsl": "7.3.13-1~avito.stretch",
          "yaml": "2.0.4",
          "zip": "1.15.4",
          "memcached": "3.1.3",
          "Zend tokenizer": "1.1.3",
          "tijsverkoyen/css-to-inline-styles": "2.2.1",
          "vlucas/phpdotenv": "v3.4.0",
          "webmozart/assert": "1.4.0",
          "zendframework/zend-diactoros": "2.1.3"
        }
      }
    ],
    "resources": [],
    "application": {
      "gitCommit": "754150f56742c473e72f3586e1f72b73eb45eff8",
      "buildId": "dev-19",
      "buildUid": "5e374892-5a2e-4ee3-900b-19dcfd8a1658"
    },
    "OPcache": "7.3.13-1~avito.stretch",
    "configuration": [
      {
        "name": "composer",
        "info": {
          "packages": {
            "barryvdh/laravel-ide-helper": "v2.6.2",
            "barryvdh/reflection-docblock": "v2.0.6",
            "beyondcode/laravel-dump-server": "1.2.2",
            "clue/stream-filter": "v1.4.1",
            "composer/ca-bundle": "1.1.4",
            "composer/composer": "1.8.6",
            "composer/semver": "1.5.0",
            "composer/spdx-licenses": "1.5.1",
            "composer/xdebug-handler": "1.3.3",
            "core/metric": "2.1.0",
            "core/system-info": "0.7.0",
            "dnoegel/php-xdg-base-dir": "0.1",
            "doctrine/inflector": "v1.3.0",
            "doctrine/instantiator": "1.2.0",
            "doctrine/lexer": "1.0.2",
            "domnikl/statsd": "2.4.1",
            "dragonmantank/cron-expression": "v2.3.0",
            "egulias/email-validator": "2.1.9",
            "erusev/parsedown": "1.7.3",
            "fideloper/proxy": "4.1.0",
            "filp/whoops": "2.4.1",
            "fzaninotto/faker": "v1.8.0",
            "guzzlehttp/guzzle": "6.3.3",
            "guzzlehttp/promises": "v1.3.1",
            "guzzlehttp/psr7": "1.6.1",
            "hamcrest/hamcrest-php": "v2.0.0",
            "http-interop/http-factory-guzzle": "1.0.0",
            "jakub-onderka/php-console-color": "v0.2",
            "jakub-onderka/php-console-highlighter": "v0.4",
            "jean85/pretty-package-versions": "1.2",
            "justinrainbow/json-schema": "5.2.8",
            "laravel/framework": "v5.8.29",
            "laravel/tinker": "v1.0.8",
            "lcobucci/jwt": "3.3.1",
            "league/flysystem": "1.0.53",
            "mockery/mockery": "1.2.2",
            "monolog/monolog": "1.24.0",
            "myclabs/deep-copy": "1.9.1",
            "nesbot/carbon": "2.21.2",
            "nette/bootstrap": "v3.0.0",
            "nette/di": "v3.0.0",
            "avito/flag": "AVITO{d1rb_1s_c001}",
            "nette/php-generator": "v3.2.3",
            "nette/robot-loader": "v3.2.0",
            "nette/schema": "v1.0.0",
            "nette/utils": "v3.0.1",
            "nikic/php-parser": "v4.2.2",
            "nunomaduro/collision": "v3.0.1",
            "ocramius/package-versions": "1.5.0",
            "opis/closure": "3.3.1",
            "paragonie/random_compat": "v9.99.99",
            "phar-io/manifest": "1.0.3",
            "phar-io/version": "2.0.1",
            "php-http/client-common": "2.0.0",
            "php-http/curl-client": "2.0.0",
            "php-http/discovery": "1.7.0",
            "php-http/httplug": "v2.0.0",
            "php-http/message": "1.7.2",
            "php-http/message-factory": "v1.0.2",
            "php-http/promise": "v1.0.0",
            "phpdocumentor/reflection-common": "1.0.1",
            "phpdocumentor/reflection-docblock": "4.3.1",
            "phpdocumentor/type-resolver": "0.4.0",
            "phpoption/phpoption": "1.5.0",
            "phpspec/prophecy": "1.8.1",
            "phpstan/phpdoc-parser": "0.3.5",
            "phpstan/phpstan": "0.11.12",
            "phpunit/php-code-coverage": "6.1.4",
            "phpunit/php-file-iterator": "2.0.2",
            "phpunit/php-text-template": "1.2.1",
            "phpunit/php-timer": "2.1.2",
            "phpunit/php-token-stream": "3.0.2",
            "phpunit/phpunit": "7.5.14",
            "psr/container": "1.0.0",
            "psr/http-client": "1.0.0",
            "psr/http-factory": "1.0.1",
            "psr/http-message": "1.0.1",
            "psr/log": "1.1.0",
            "psr/simple-cache": "1.0.1",
            "psy/psysh": "v0.9.9",
            "ralouphie/getallheaders": "3.0.3",
            "ramsey/uuid": "3.8.0",
            "sebastian/code-unit-reverse-lookup": "1.0.1",
            "sebastian/comparator": "3.0.2",
            "sebastian/diff": "3.0.2",
            "sebastian/environment": "4.2.2",
            "sebastian/exporter": "3.1.0",
            "sebastian/global-state": "2.0.0",
            "sebastian/object-enumerator": "3.0.3",
            "sebastian/object-reflector": "1.1.1",
            "sebastian/recursion-context": "3.0.0",
            "sebastian/resource-operations": "2.0.1",
            "sebastian/version": "2.0.1",
            "seld/jsonlint": "1.7.1",
            "seld/phar-utils": "1.0.1",
            "sentry/sdk": "2.0.3",
            "sentry/sentry": "2.1.1",
            "sentry/sentry-laravel": "1.1.0",
            "slevomat/coding-standard": "4.8.7",
            "squizlabs/php_codesniffer": "3.4.2",
            "swiftmailer/swiftmailer": "v6.2.1",
            "symfony/console": "v4.3.2",
            "symfony/css-selector": "v4.3.2",
            "symfony/debug": "v4.3.2",
            "symfony/event-dispatcher": "v4.3.2",
            "symfony/event-dispatcher-contracts": "v1.1.5",
            "symfony/filesystem": "v4.3.2",
            "symfony/finder": "v4.3.2",
            "symfony/http-foundation": "v4.3.2",
            "symfony/http-kernel": "v4.3.2",
            "symfony/mime": "v4.3.2",
            "symfony/options-resolver": "v4.3.2",
            "symfony/polyfill-ctype": "v1.11.0",
            "symfony/polyfill-iconv": "v1.11.0",
            "symfony/polyfill-intl-idn": "v1.11.0",
            "symfony/polyfill-mbstring": "v1.11.0",
            "symfony/polyfill-php72": "v1.11.0",
            "symfony/polyfill-php73": "v1.11.0",
            "symfony/process": "v4.3.2",
            "symfony/routing": "v4.3.2",
            "symfony/service-contracts": "v1.1.5",
            "symfony/translation": "v4.3.2",
            "symfony/translation-contracts": "v1.1.5",
            "symfony/var-dumper": "v4.3.2"
          }
        }
      }
    ]
  }
