{
   "swagger": "2.0",
   "info": {
     "version": "2.0",
     "description": "This is a test api for avito ",
     "title": "Avito Swagger API",
     "termsOfService": "http://avito.ru/terms/",
     "contact": {
       "email": "security@avito.ru"
     },
     "license": {
       "name": "Apache 2.0"
     }
   },
   "basePath": "/avito-api/",
   "tags": [
     {
       "name": "item",
       "description": "Operations about item",
       "externalDocs": {
         "description": "Find out more about us",
         "url": "http://avito.ru"
       }
     }
   ],
   "schemes": [
     "https"
   ],
   "paths": {
     "/GetUser/{user_id}": {
       "get": {
         "tags": [
           "user"
         ],
         "summary": "Return user by ID",
         "description": "Returns a single phone",
         "operationId": "getUserById",
         "produces": [
           "application/json"
         ],
         "parameters": [
           {
             "name": "user_id",
             "in": "path",
             "description": "ID to return",
             "required": true,
             "type": "string"
           }
         ],
         "responses": {
           "200": {
             "description": "successful operation",
             "schema": {
               "$ref": "#/definitions/User"
             }
           },
           "400": {
             "description": "Invalid ID supplied"
           },
           "404": {
             "description": "Id not found"
           }
         }
       }
     },
     "/GetItem/{item_id}": {
       "get": {
         "tags": [
           "item"
         ],
         "summary": "Find phone by item ID",
         "description": "Returns item by id",
         "operationId": "getItemById",
         "produces": [
           "application/json"
         ],
         "parameters": [
           {
             "name": "item_id",
             "in": "path",
             "description": "ID to return",
             "required": true,
             "type": "string"
           }
         ],
         "responses": {
           "200": {
             "description": "successful operation",
             "schema": {
               "$ref": "#/definitions/Item"
             }
           },
           "400": {
             "description": "Invalid ID supplied"
           },
           "404": {
             "description": "Id not found"
           }
         }
       }
     },
     "/GetItemPhone/{item_id}": {
       "get": {
         "tags": [
           "phone"
         ],
         "summary": "Find phone by item ID",
         "description": "Returns phone by id",
         "operationId": "getPhoneById",
         "produces": [
           "application/json"
         ],
         "parameters": [
           {
             "name": "item_id",
             "in": "path",
             "description": "ID to return",
             "required": true,
             "type": "string"
           }
         ],
         "responses": {
           "200": {
             "description": "successful operation",
             "schema": {
               "$ref": "#/definitions/ItemPhone"
             }
           },
           "400": {
             "description": "Invalid ID supplied"
           },
           "404": {
             "description": "Id not found"
           }
         }
       }
     }
   },
   "definitions": {
     "User": {
       "type": "object",
       "required": [
         "user_id"
       ],
       "properties": {
         "user_id": {
           "type": "string",
           "example": "52908fd01dadc5663e056ec47f8ef3efe02f26eb"
         },
         "username": {
           "type": "string",
           "example": "Adam Smith"
         },
         "avatar_path": {
           "type": "string",
           "example": "img/avatar.jpg"
         },
         "descr": {
           "type": "string",
           "example": "Something interesting about"
         }
       }
     },
     "Item": {
       "type": "object",
       "required": [
         "item_id"
       ],
       "properties": {
         "item_id": {
           "type": "string",
           "example": "0000ac12"
         },
         "title": {
           "type": "string",
           "example": "Good stuff to buy"
         },
         "image_path": {
           "type": "string",
           "example": "img/book.jpg"
         },
         "descr": {
           "type": "string",
           "example": "Please buy this unnecessary stuff, i really need some cash!"
         },
         "user_id": {
            "type": "string",
            "example": "52908fd01dadc5663e056ec47f8ef3efe02f26eb"
          },
          "username": {
            "type": "string",
            "example": "Adam Smith"
          }
       }
     },
     "ItemPhone": {
       "type": "object",
       "required": [
         "item_id"
       ],
       "properties": {
         "item_id": {
           "type": "string",
           "example": "0000ac12"
         },
         "phone": {
           "type": "string",
           "example": "+79262221100"
         }
       }
     }
   }
 }
 